"","bed_time","rise_time","total_elapsed_time","total_sleep","total_wake","sleep_efficiency","no_active_periods","median_active_period_length","first_wake_after_sleep","non_wear"
"1",1644610208,1644649388,39009,29433,9576,75.4518188110436,80,78,1644610528,0
"2",1644688954,1644736171,47152,40283,6869,85.4322192059722,5,61,1644689227,6233
"3",1644786547,1644813603,26895,21366,5529,79.4422755158951,54,92.5,1644787801,0
"4",1644866410,1644901116,34381,26501,7880,77.0803641546203,49,86,1644866778,0
"5",1644959618,1644986966,27154,18767,8387,69.1132061574722,37,160,1644959886,0
"6",1645040391,1645074591,34035,28607,5428,84.0517114734832,45,92,1645048643,0
"7",1645126344,1645189200,37693,4781,32912,12.6840527418884,61,75,1645127144,26860
