"","bed_time","rise_time","total_elapsed_time","total_sleep","total_wake","sleep_efficiency","no_active_periods","median_active_period_length","first_wake_after_sleep","non_wear"
"1",1644610208,1644649388,39026,28986,10040,74.2735612155999,87,80,1644610528,0
"2",1644688954,1644736171,47169,40160,7009,85.140664419428,5,61,1644689225,6371
"3",1644789162,1644813603,24293,18805,5488,77.4091302021158,41,101,1644789830,0
"4",1644866410,1644901115,34380,26455,7925,76.9488074461896,50,83,1644866778,0
"5",1644959644,1644986966,27154,18926,8228,69.6987552478456,36,159.5,1644959886,0
"6",1645040375,1645074568,34012,28580,5432,84.0291661766435,45,93,1645048643,0
"7",1645126344,1645189200,37684,5017,32667,13.3133425326398,60,76.5,1645127144,26603
